schema_version,run_id,source_type,dataset,split,fixture_id,condition,condition_display_name,prompt_profile,prompt,reference_answer,generated_text,original_input_tokens,compressed_input_tokens,compression_ratio,output_tokens,t_compress_ms,t_prefill_ms,t_generation_ms,t_e2e_ms,generation_tok_s,e2e_tok_s,peak_vram_gib,finish_reason,evaluation_status,numeric_match,normalized_overlap,ok,error_type,error_message
cc_dflash_demo_v1,595c8a46-bb8c-4db0-8240-1b036ef6988b,dataset,gsm8k,test,mock_1,baseline_ar,Baseline-AR,gsm8k_concise_final_answer_v1,"Mock context

Question: Mock question?",Mock,dry run output,100,,,128,0.0,0.04733300011139363,0.0069959996835677885,0.05432899979496142,18296170.06710943,2356016.132876994,,completed,not_evaluated,,,True,,
cc_dflash_demo_v1,48d810b7-5778-45b3-9736-493f2d6b28ab,dataset,gsm8k,test,mock_1,dflash_r1,DFlash-R1,gsm8k_concise_final_answer_v1,"Mock context

Question: Mock question?",Mock,dry run output,100,,,128,0.0,0.00812599955679616,0.005619000148726627,0.013744999705522787,22779853.463610824,9312477.463973256,,completed,not_evaluated,,,True,,
cc_dflash_demo_v1,d2b96e88-7fe8-4d39-b23e-2478663fd5b3,dataset,gsm8k,test,mock_1,cc_dflash_r2,CC-DFlash-R2 Light GPU,gsm8k_concise_final_answer_v1,"Mock context

Question: Mock question?",Mock,dry run output,100,50,0.5,128,0.008703000276000239,0.005402999704529066,0.0049270001909462735,0.019033000171475578,25979296.74027808,6725161.500908897,,completed,not_evaluated,,,True,,
