fixture_id,question,reference_answer,selected_evidence,original_cc_dflash_output,remediated_cc_dflash_output,baseline_ar_output,evidence_selected_baseline_output,evidence_selected_cc_dflash_output,deterministic_status,human_label,confidence,answers_question,uses_correct_evidence,complete_enough,hallucination_or_unsupported,not_discussed_error,review_notes
qmsum_meeting_qa_test_0036,Summarize the discussion about the effect of training on different languages,Using multiple languages led to more diversity which potentially hindered the model performance. The professor was skeptical about discussing the results since they had not received any good ones so far.,"[evidence 1] PhD E: era el cuatro . Grad F: Yep , that 's me . PhD E: Yeah . PhD A: But , channel PhD E: Yeah yeah yeah . Professor B: This is you . PhD E: OK . I saw that . Ah {disfmarker} yeah , it 's OK . Professor B: Yeah . And I 'm channel uh two I think , PhD C: Ooo . Professor B: or channel {disfmarker} PhD C: I think I 'm channel two . Professor B: Oh , I 'm channel {disfmarker} must be channel one . Channel one ? PhD E: Channel {disfmarker} {vocalsound} I decided to talk about that .

[evidence 2] Professor B: OK . Our {disfmarker} our uh {disfmarker} {pause} There 's a {disfmarker} {pause} We 're pausing for a photo {disfmarker} PhD C: Chicken on the grill . Try that corner . PhD A: How about over th from the front of the room ? PhD C: Yeah , it 's longer . Professor B: We 're pausing for a photo opportunity here . Uh . {vocalsound} Uh . So . Grad F: Oh wait wait wait wait wait . Wait . PhD C: Get out of the {disfmarker} Yeah . Grad F: Hold on . Hold on . Professor B: OK .

[evidence 3] Grad F: Let me give you a black screen . Professor B: He 's facing this way . What ? OK , this {disfmarker} this would be a {pause} good section for our silence detection . Grad F: OK . PhD C: Mm - hmm . Professor B: Um Oh . Grad F: Musical chairs everybody ! Professor B: OK . So um , {pause} you were saying {pause} about the training data {disfmarker} Yeah . PhD D: Yeah , so if the network is trained on the task data um {pause} tandem works pretty well . And uh actually we have uh , results are similar Only on ,

[evidence 4] Professor B: But {disfmarker} but the question is if you train on one language {pause} but you have a broad coverage {pause} and then test in another , {pause} does that {disfmarker} {pause} is that improve things {pause} i c in comparison ? PhD D: If we use the same language ? Professor B: No , no , no . Different lang So {pause} um {pause} If you train on TI - digits {pause} and test on Italian digits , {pause} you do poorly , {pause} let 's say . PhD D: Mm - hmm .

[evidence 5] PhD D: Uh , yeah . So um {pause} for uh TI - digits for ins example {pause} uh when we go from TI - digits training to {pause} TIMIT training {pause} uh we lose {pause} uh around ten percent , uh . The error rate increase u of {disfmarker} of {disfmarker} of ten percent , relative . Professor B: Relative . Right . PhD D: So this is not so bad . And then when we jump to the multilingual data it 's uh it become worse and , well Around uh , let 's say , {pause} twenty perc twenty percent further .","The discussion focused on training neural networks on different languages. PhD D trained on TI-digits (English) and tested on Italian digits, resulting in poor performance. Training on a single language (Italian) with broad data improved performance compared to task data alone. A third test with three languages (including Italian) showed worse results than the single-language test, with a 20% error rate increase. The key was training on task data versus broad data, with the single-language broad data test showing better results than the multi-language test.","The discussion focused on the effect of training neural networks on different languages. PhD D and Professor B discussed training a network on TI-digits (English) and testing it on Italian digits, which resulted in poor performance. They also tested a network trained on a single language (Italian) on another language (Spanish), which showed improvement. Finally, a network trained on a three-language database (including Italian, Spanish, and another language) performed better than one trained only on task data. The key takeaway was that training on a broader language set improved performance across different languages.","The discussion focused on the effect of training on different languages. PhD D explained that when networks were trained on task data (e.g., TI-digits) and tested on Italian digits, performance dropped by about 10%. When tested on multilingual data (three languages), performance worsened further, increasing error rates by about 20%. Professor B and PhD D discussed the implications of using broad data versus task-specific data for language transfer.","The discussion focused on the effect of training on different languages. Professor B asked about the impact of training on one language and testing on another. PhD D explained that training on TI-digits and testing on TIMIT training led to a 10% error rate increase. When moving to multilingual data, the error rate increased by an additional 20%, showing a decline in performance across languages.","The discussion about the effect of training on different languages involved Professor B and PhD D. Professor B mentioned that training on one language and testing on another language resulted in poor performance, as evidenced by a 10% error rate increase. PhD D noted that the model performed worse when transitioning to multilingual data, indicating that training on a single language does not generalize well to other languages. The key point was that training on one language and testing on another leads to significant performance degradation.",task102h_final_risk_bucket=residual_unresolved_deterministic_limitation; task102h_remediation_outcome=still_unresolved_without_semantic_judge; task102i_baseline_category=proxy_or_reference_limitation_persists; task103a_baseline_evidence_category=unchanged; task103a_cc_evidence_category=improved,,,,,,,,
qmsum_meeting_qa_test_0070,Which groups did the members discuss to have been impacted heavily?,"Members advocated for aboriginals who faced police brutality, students for their disrupted education, indigenous and rural residents for lack of access to the internet and the black lives movement.","[evidence 1] The Chair (Hon. Anthony Rota (NipissingTimiskaming, Lib.)): I call this meeting to order. Welcome to the 20thmeeting of the Special Committee on the COVID-19 Pandemic. As a reminder to all members, in order to avoid issues with sound, members participating in person should not be connected to the video conference. I want to remind those who are participating by video conference that, when they talk, they must use the channel that corresponds to the language they are speaking in. As usual, please direct your remarks through the chair. We are moving on to ministerial announcements. I understand that there are no ministerial announcements today, so we'll move on. We will now move on to document submissions. The honourable minister, Mr. Blair. Hon. Bill Blair (Minister of Public Safety and Emergency Preparedness): Mr. Chair, today I have the honour to table, in both official languages, the 2019 annual report on the RCMPs use of the law enforcement justification provisions. This report addresses the RCMP's use of specified provisions within the law enforcement justification regime, which is set out in subsections 25 to 25 of the Criminal Code. This report also documents the nature of the investigations in which these provisions were used. The Chair: On tabling of documents, we have Minister Sajjan. Hon. Harjit S. Sajjan (Minister of National Defence): Mr. Chair, pursuant to Standing Order 32, I have the honour to table, in both official languages, the 2018-19 progress report on Canada's national action plan for the implementation of United Nations Security Council resolutions on women, peace and security. The Chair: Now we'll go to presenting petitions. I would like to remind members that any petition presented during the meeting of a special committee must have already been certified by the clerk of petitions. Members who are participating in the meeting in person are kindly asked to bring the signed certificate to the office once the petition has been presented. Presenting petitions, Ms. May. Ms. Elizabeth May (SaanichGulf Islands, GP): Mr. Chair, I rise to present two petitions. They both pertain to the protection of our natural world. One is an e-petition, and it relates to the threat to pollinators globally. We know that honey bees and other pollinators are essential to food production. The petitioners note that research from around the world points to a threat to pollinators, particularly from a class of pesticides known as neonicotinoids. The European Union has taken action on this. The petitioners call on the Government of Canada to...","The members discussed the impact on pollinators, specifically honey bees, due to pesticides like neonicotinoids, with petitioners calling for the government to remove these chemicals. They also addressed the threat to southern resident killer whales, advocating for boat-free zones and enforcement to protect the population. Additionally, the meeting highlighted the impact of climate change on Canadians, including calls for a guaranteed annual livable income and action on fossil fuel subsidies.","The members discussed the impact on pollinators, particularly honey bees, due to pesticides like neonicotinoids, and the threat to the southern resident killer whales in coastal British Columbia. They also addressed the impact of climate change on Canadians, including the need for a guaranteed annual livable income, and the effects of gas fracking on Indigenous communities, specifically the Wet'suwet'en Nation. Additionally, the discussion included the impact of the COVID-19 pandemic on communities and the importance of the UN Declaration on Rights of Indigenous Peoples.","The members discussed several groups impacted heavily by various issues. Pollinators, including honey bees, were highlighted due to the threat from neonicotinoids. The southern resident killer whales were mentioned as a population in decline, requiring action for their protection. Additionally, Indigenous peoples were discussed in the context of the Coastal GasLink project, with calls to halt the project and uphold the UN Declaration on the Rights of Indigenous Peoples. The petitioners also emphasized the need for a guaranteed annual livable income for all Canadians.","The members discussed the impact on pollinators, particularly honey bees and other pollinators, which are essential to food production. The petitioners highlighted the threat from neonicotinoids, a class of pesticides, and called on the Government of Canada to take action. The discussion focused on the global threat to pollinators and the need for government intervention, as evidenced by the European Union's actions. The specific group impacted was pollinators, with a focus on honey bees.","The members discussed the impact on pollinators, particularly honey bees, which are essential to food production. The petition presented by Ms. Elizabeth May relates to the threat to pollinators, especially from pesticides like neonicotinoids, and calls on the Government of Canada to take action. The petitioners are concerned about the global threat to pollinators and the need for government intervention. The Special Committee on COVID-19 Pandemic was reminded to ensure members are connected to the video conference.",task102h_final_risk_bucket=residual_evidence_miss; task102h_remediation_outcome=improved_but_still_risky; task102i_baseline_category=baseline_also_fails_or_uncertain; task103a_baseline_evidence_category=worsened; task103a_cc_evidence_category=worsened,,,,,,,,
qmsum_meeting_qa_test_0055,What did PhD C say about the breakdown of the latency?,"PhD C explained that the silence probabilities had a 100ms delay, the delta at the input had a 40ms delay, and a 10ms delay was created by LDA filters.","[evidence 1] PhD A: OK , we 're going . PhD C: Eight , eight ? PhD D: This is three . PhD C: Three . PhD D: Yep . Yep . Professor B: Test . Hmm . Let 's see . Move it bit . Test ? Test ? OK , I guess it 's alright . So , let 's see . Yeah , Barry 's not here and Dave 's not here . Um , I can say about {disfmarker} just q just quickly to get through it , that Dave and I submitted this ASRU . PhD A: This is for ASRU .

[evidence 2] PhD D: Twenty hertz frequency {disfmarker} Oh , it 's {disfmarker} it 's zero at twenty hertz , right ? The filter ? PhD C: Yea - actually , the left edge of the first filter is at sixty - four . PhD D: Sixt - s sixty - four . PhD C: So {disfmarker} PhD D: So anything less than sixty - four is zero . PhD C: Mmm . Professor B: It 's actually set to zero ? What kind of filter is that ? PhD C: Yeah . PhD D: Yeah . Professor B: Is this {disfmarker} oh , from the {disfmarker} from {disfmarker}

[evidence 3] PhD C: It {disfmarker} This is the filter bank in the frequency domain that starts at sixty - four . Professor B: Oh , so you , uh {disfmarker} so you really set it to zero , the FFT ? PhD D: Yeah , PhD C: Yeah . PhD D: yeah . So it 's {disfmarker} it 's a weight on the ball spectrum . Triangular weighting .

[evidence 4] PhD D: Um , yeah , we {disfmarker} we 've tried including the full {disfmarker} full bank . Right ? From zero to four K . PhD C: Mm - hmm . PhD D: And that 's always worse than using sixty - four hertz . Professor B: Right , but the question is , whether sixty - four hertz is {disfmarker} is , uh , too , uh , low . PhD D: Yeah , I mean , make it a hundred or so ? Professor B: Yeah . PhD D: I t I think I 've tried a hundred and it was more or less the same , or slightly worse . Professor B: On what test set ?

[evidence 5] Professor B: Would that be more like {disfmarker} Well , you 'd think that 'd be more like SpeechDat - Car , I guess , in terms of the noise . The SpeechDat - Car is more , uh , sort of roughly stationary , a lot of it . And {disfmarker} and TI - digits maybe is not so much as {disfmarker} PhD D: Yeah . PhD C: Mm - hmm . Professor B: Yeah . PhD D: Yeah .","The meeting context does not mention anything about the breakdown of latency. Therefore, the information is not discussed.","The meeting context does not provide any information about the breakdown of the latency. There is no mention of PhD C or any other individual discussing or providing details regarding latency issues during the conversation. The discussion focused on signal-to-noise ratio, filtering techniques, and system performance. Therefore, based on the provided context, there is no evidence of PhD C's comments on the latency breakdown.","The meeting transcript does not include any discussion or evidence regarding the breakdown of the latency. There is no mention of PhD C providing information or discussing latency issues during the meeting. The conversation focuses on signal-to-noise ratio, filter settings, and noise sources in the recording environment. Therefore, there is no evidence from the context to answer the question about PhD C's comments on latency.","The selected evidence does not include any information about the breakdown of the latency. Therefore, no specific details about PhD C's comments on the latency breakdown can be provided based on the given meeting transcript.","The selected evidence does not provide specific information about what PhD C said regarding the breakdown of the latency. The discussion focuses on filter settings, frequency ranges, and performance comparisons between different configurations, but there is no mention of latency breakdown or related comments from PhD C.",task102h_final_risk_bucket=residual_generic_or_under_specific; task102h_remediation_outcome=unchanged_quality_failure; task102i_baseline_category=baseline_also_fails_or_uncertain; task103a_baseline_evidence_category=unchanged; task103a_cc_evidence_category=unchanged,,,,,,,,
qmsum_meeting_qa_test_0078,Summarize the discussion about spectral subtraction,The team was doing spectral subtraction with both scaling and GGT bins. There were pros and cons to both approaches. The professor suggested a simple spectral subtraction followed by a KL transformation. He also suggested using JRASTRA's technique which relied on adding some noise to get rid of noise. The team also suggested VTS techniques.,"[evidence 1] Professor C: If you say so . O K . Do we have anything like an agenda ? What 's going on ? Um . I guess um . So . One thing {disfmarker} PhD F: Sunil 's here for the summer ? Professor C: Sunil 's here for the summer , right . Um , so , one thing is to talk about a kick off meeting maybe uh , and then just uh , I guess uh , progress reports individually , and then uh , plans for where we go between now and then , pretty much . Um .

[evidence 2] PhD F: I could say a few words about um , some of the uh , compute stuff that 's happening around here , so that people in the group know . Professor C: Mm - hmm . OK . Why don't you start with that ? That 's sort of {disfmarker} PhD F: OK . Professor C: Yeah ?

[evidence 3] PhD F: We um {disfmarker} So we just put in an order for about twelve new machines , uh , to use as sort of a compute farm . And um , uh , we ordered uh , SUN - Blade - one - hundreds , and um , I 'm not sure exactly how long it 'll take for those to come in , but , uh , in addition , we 're running {disfmarker} So the plan for using these is , uh , we 're running P - make and Customs here and Andreas has sort of gotten that all uh , fixed up and up to speed . And he 's got a number of little utilities that make it very easy to um , {vocalsound} run things using P - make and Customs . You don't actually have to write P - make scripts and things like that . The simplest thing {disfmarker} And I can send an email around or , maybe I should do an FAQ on the web site about it or something . Um ,

[evidence 4] Professor C: How about an email that points to the FAQ , PhD F: there 's a c Professor C: you know what I 'm saying ? PhD F: Yeah , yeah . Professor C: so that you can {disfmarker} Yeah .

[evidence 5] Professor C: So as I understand , you know , he 's using all the machines and you 're using all the machines , PhD F: So . Professor C: is the rough division of {disfmarker} PhD F: Yeah . Exactly . Yeah , you know , I {disfmarker} I sort of got started {comment} using the recognizer just recently and uh , uh I fired off a training job , and then I fired off a recognition job and I get this email about midnight from Andreas saying , ""","The meeting discusses the use of a wireless headset for clear audio, but the group decides against it due to background noise and poor vocal quality, opting for a lapel mic instead. They also decide to use a single microphone (mike number 1) with channel number 1, as specified on the unit's back. The decision is based on the need for a clear, interference-free audio setup for the meeting.","The discussion about spectral subtraction is not mentioned in the provided meeting context. There is no evidence of the topic being discussed among the participants, including Professor C, PhD A, PhD F, or others present. The conversation focuses on technical setup, machine allocation, and computational tasks rather than spectral subtraction methods or related topics.","The meeting transcript does not mention any discussion about spectral subtraction. There is no reference to the topic in the conversation between the participants, including Professor C, PhD A, PhD F, and others. The discussion focused on microphone types, compute resources, and meeting agenda. Therefore, the topic of spectral subtraction was not addressed in the meeting.","The discussion does not mention anything about spectral subtraction. The meeting transcript focuses on compute resources, progress reports, and plans for using new machines. No specific information regarding spectral subtraction is provided in the selected evidence.","The discussion about spectral subtraction is not mentioned in the provided meeting evidence. The conversation focuses on compute resources, machine ordering, and project planning, with no reference to spectral subtraction or related topics.",task102h_final_risk_bucket=worsened_output; task102h_remediation_outcome=worsened; task102i_baseline_category=baseline_also_fails_or_uncertain; task103a_baseline_evidence_category=unchanged; task103a_cc_evidence_category=unchanged,,,,,,,,
qmsum_meeting_qa_test_0094,What were other ways to get more space?,"Professor D said they would be getting another disk rack that would bring in four thirty-six gigabyte disks, increasing the space. Additionally, the directories of Aurora data, Carmen’s Data and SPINE were likely to be moved.","[evidence 1] Grad B: So , I mean {disfmarker} I don't know what it is . But all {disfmarker} all I know is that it seems like every time I am up here after a meeting , and I start it , it works fine . And if I 'm up here and I start it and we 're all sitting here waiting to have a meeting , it gives me that error message and I have not yet sat down with {disfmarker} been able to get that error message in a point where I can sit down and find out where it 's occurring in the code .

[evidence 2] PhD A:...

[evidence 3] Professor D: So uh {disfmarker} so the uh , the new procedural change that just got suggested , which I think is a good idea is that um , we do the digit recordings at the end . And that way , if we 're recording somebody else 's uh meeting , and a number of the participants have to run off to some other meeting and don't have the time , uh , then they can run off . It 'll mean we 'll get somewhat fewer uh , sets of digits , but um , I think that way we 'll cut into people 's time , um , if someone 's on strict time uh , less . So , I th I think {disfmarker} I think we should start doing that . Um , so , uh , let 's see , we were having a discussion the other day , maybe we should bring that up , about uh , the nature of the data that we are collecting . uh @ @ that uh , we should have a fair amount of data that is um , collected for the same meeting , so that we can , uh {disfmarker} I don't know . Wh - what {disfmarker} what were some of the points again about that ? Is it {disfmarker}

[evidence 4] PhD F: Uh , well , OK , I 'll back up . Professor D: Yeah . PhD F: Um , at the previous {disfmarker} at last week 's meeting , this meeting I was griping {vocalsound} about wanting to get more data and I {disfmarker} I talked about this with Jane and Adam , um , and was thinking of this mostly just so that we could do research on this data um , since we 'll have a new {disfmarker} this new student di does wanna work with us , PhD A: Well , great . PhD F: th the guy that was at the last meeting . PhD A: Great .

[evidence 5] PhD F: But , um , Jane and Adam brought up a lot of good points that just posting a note to Berkeley people to have them come down here has some problems in that you m you need to make sure that the speakers are who you want and that the meeting type is what you want , and so forth . So , I thought about that and I think it 's still possible , um , but I 'd rather try to get more regular meetings of types that we know about , and hear , then sort of a mish - mosh of a bunch of one {disfmarker} one - time {disfmarker}","The group discussed increasing regular recordings to gather more data, with PhD F suggesting starting in January for sufficient data. They considered posting notes to Berkeley about meeting types and participants. Professor D proposed a procedural change to record meetings regularly, noting the need for consistent data collection. Grad B and PhD F agreed on the importance of data for summarization and analysis, but noted challenges with varying meeting types and data collection. The group decided to explore new meeting types and ensure data is collected for different domains, including front-end meetings.","The group discussed ways to get more space for data collection, including suggesting a new procedural change to record meetings digitally at the end of the meeting to capture more data. They also considered having more regular meetings of different types to gather a variety of data, which would help in analyzing different domains. Additionally, they mentioned the possibility of having more meetings with different groupings to ensure a broader range of data for analysis. Grad B and PhD F were involved in these discussions, with Grad B suggesting starting recordings regularly and PhD F noting the need for more data to support summarization efforts.","The group discussed potential ways to get more space for data collection, including having more regular meetings of known types. Professor D suggested changing the procedural approach to record digit recordings at the end of meetings, allowing participants to leave without affecting the recording. PhD F mentioned the need for data from different domains and types of meetings to ensure a variety of data for research purposes. Grad B and PhD F also discussed the importance of having multiple meetings with the same group but different topics to provide varied data for analysis.","The meeting transcript does not provide specific information about other ways to get more space. However, it mentions discussions about procedural changes, such as recording meetings at the end to allow participants to leave if needed, and the need for more data collection for research purposes. Professor D suggested a procedural change, and PhD F discussed the potential for more regular meetings. No specific actions or decisions regarding space are detailed in the provided evidence.","Based on the meeting evidence, other ways to get more space included suggesting a new procedural change to do digit recordings at the end of meetings. This would help in collecting more data for the same meeting, as discussed by Professor D. Additionally, PhD F and PhD A mentioned the need for more regular meetings and considered the possibility of having more regular meeting types to address the issue of space and data collection. The discussion also highlighted the importance of having a fair amount of data collected for each meeting.",task102h_final_risk_bucket=residual_unresolved_deterministic_limitation; task102h_remediation_outcome=still_unresolved_without_semantic_judge; task102i_baseline_category=baseline_also_fails_or_uncertain; task103a_baseline_evidence_category=worsened; task103a_cc_evidence_category=unchanged,,,,,,,,
qmsum_meeting_qa_test_0001,Why did the project manager disapprove of the concept of intelligent controller?,"The project manager put forward that the speech recognition wouldn't work when several persons wanted to change the channel at the same time, and the cost would surely rise if adding the two technologies. In response to that, the user interface designer said they would just cooperate with some research institute and the vocabulary was limited, so it wouldn't cost much. Then the project manager posed the language problem. The user interface designer answered they would have some language adaptations so the product could be used by people from all countries. Finally, there were still problems with the microphone and camera that were necessary for the two technologies.","[evidence 1] Project Manager: {vocalsound} So let's start our second me meeting on {vocalsound} conceptual design . Industrial Designer: {vocalsound} Project Manager: So , Marketing: Mm-hmm . Project Manager: as the previous meeting I will be the secretary Industrial Designer: Mm-hmm . Project Manager: and we will have three presentations and we'll have to decide on the remote control concept and finally we'll close the decision . So I will first uh {disfmarker} Marketing: No y you do the minutes first , or ?

[evidence 2] Project Manager: This . User Interface: Mm . So uh first I will present the concept of user interface . Um there's three concepts in the user interface . So first one it's a Google controller . The second is a fancy controller . The last one is uh intelligent controller . So there are three concepts in our controller . Um n next I will explain one by one , the first is Google controller . Um , so I want the controller to be easy to use , but with sophisticated functions . So it's a combination of easy to use and um sophisticated functions . Uh this is a first concept of our controller . The second concept is a fancy controller , um so we want give the customers the impression that our controller is very attractive , um they can easy recognise our controller among a lot of products , so so the u the user f the the u user interface should be very very cute , very very g um

[evidence 3] Project Manager: so . User Interface: Yeah . Marketing: Mm . User Interface: So the last uh concept is intelligent . We want uh we want our controller to be smart ,

[evidence 4] Project Manager: Okay . Something else ? User Interface: Okay . No . There {disfmarker} this is the three concepts of our controller . Industrial Designer: Yeah . Project Manager: I just have one question , because for the intelligent controller , {vocalsound} you said that we can use the voice recognition or the gesture recognition , User Interface: Yeah . Yeah .

[evidence 5] Project Manager: You're not you're not obliged to share it . Marketing: Oh , okay , okay , you mean it could be a problem for this kind of stuff . Project Manager: Yeah , we can {disfmarker} yeah . User Interface: Yeah , that's that's the advantage of intelligent controller . Even you h you have the controller , I can {vocalsound} I can say channel three ,","The Project Manager disapproved of the intelligent controller concept due to concerns about safety and reliability. The discussion highlighted risks like broken arms affecting gesture recognition and potential privacy issues with speech recognition. The Project Manager emphasized the need for a practical, user-friendly solution without advanced technology, leading to the rejection of the intelligent controller in favor of simpler alternatives.","The Project Manager disapproved of the intelligent controller concept because it involved using speech recognition and gesture recognition technologies, which were deemed risky and potentially unreliable. The Project Manager was concerned about the reliability of these technologies and the potential for issues like broken arms or limited vocabulary in speech recognition. Additionally, the Project Manager noted that the intelligent controller would require cooperation with a research institute, which was not considered cost-effective or necessary for the project.","The Project Manager did not explicitly disapprove of the intelligent controller concept. However, the Project Manager raised concerns about the practicality of using gesture and voice recognition, questioning if users would find these features convenient and if they might lead to user fatigue or injuries. The Project Manager also expressed skepticism about the feasibility of using these technologies in a household setting where multiple people might try to use the remote control simultaneously.","The project manager did not disapprove of the intelligent controller concept. Instead, the project manager asked about the use of voice recognition or gesture recognition for the intelligent controller, and the User Interface confirmed that it could be used. The Marketing department was concerned about potential issues with this approach, but the project manager did not disapprove the concept. The discussion focused on the advantages of the intelligent controller, not a disapproval.","The Project Manager disapproved of the intelligent controller concept because the Marketing team raised concerns. During the meeting, the Project Manager asked if the Marketing team had any issues with the concept, and Marketing indicated a problem. The Project Manager then asked the User Interface team to explain the advantages of the intelligent controller, but there is no explicit decision or approval given, indicating disapproval based on the Marketing's concern.",task102h_final_risk_bucket=residual_proxy_limitation; task102h_remediation_outcome=improved_but_still_risky; task102i_baseline_category=baseline_also_fails_or_uncertain; task103a_baseline_evidence_category=unchanged; task103a_cc_evidence_category=worsened,,,,,,,,
